productId,productName,category,subCategory,brand,basePrice,discountPercent,finalPrice,rating,numReviews,stockQuantity,isActive
5001,Sony Smartphones Design-298,Electronics,Smartphones,Sony,19799.48,5,18809.51,2.9,751,722,1
5002,Sony Smartphones Team-841,Electronics,Smartphones,Sony,72612.25,10,65351.03,4.8,104,451,1
5003,Apple Smartphones Two-603,Electronics,Smartphones,Apple,2728.7,5,2592.26,4.3,3638,698,1
5004,Apple Smartphones Movie-963,Electronics,Smartphones,Apple,61912.26,10,55721.03,4.0,2677,983,1
5005,JBL Smartphones Result-134,Electronics,Smartphones,JBL,58477.64,30,40934.35,4.8,2590,347,1
5006,Apple Smartphones Matter-781,Electronics,Smartphones,Apple,28106.91,5,26701.56,4.0,1252,838,1
5007,Boat Smartphones Admit-675,Electronics,Smartphones,Boat,77402.46,10,69662.21,4.4,1622,95,1
5008,Sony Smartphones Move-591,Electronics,Smartphones,Sony,58822.81,10,52940.53,3.0,4950,997,1
5009,JBL Laptops Check-883,Electronics,Laptops,JBL,23490.88,20,18792.7,3.1,1987,86,1
5010,Dell Laptops Police-764,Electronics,Laptops,Dell,28341.56,20,22673.25,3.1,1692,813,1
5011,Apple Laptops Yard-433,Electronics,Laptops,Apple,42304.9,40,25382.94,3.1,1519,760,1
5012,Canon Laptops Create-480,Electronics,Laptops,Canon,30856.47,5,29313.65,2.6,3693,719,1
5013,Boat Laptops Entire-138,Electronics,Laptops,Boat,70854.92,0,70854.92,2.7,2686,728,1
5014,Canon Laptops Serious-636,Electronics,Laptops,Canon,48585.08,20,38868.06,3.5,3245,858,1
5015,Dell Laptops Ago-444,Electronics,Laptops,Dell,33599.31,5,31919.34,4.4,519,817,1
5016,Samsung Laptops Thousand-115,Electronics,Laptops,Samsung,81991.22,20,65592.98,4.2,3434,409,1
5017,Dell Headphones Eye-878,Electronics,Headphones,Dell,40669.13,30,28468.39,3.4,69,406,1
5018,Boat Headphones Kitchen-272,Electronics,Headphones,Boat,41739.2,0,41739.2,4.5,1032,542,1
5019,OnePlus Headphones Computer-279,Electronics,Headphones,OnePlus,85070.15,5,80816.64,4.6,924,844,1
5020,OnePlus Headphones Instead-817,Electronics,Headphones,OnePlus,84115.07,20,67292.06,3.7,1500,929,1
5021,Dell Headphones Rest-213,Electronics,Headphones,Dell,9523.22,5,9047.06,2.9,4129,783,1
5022,JBL Headphones Whom-413,Electronics,Headphones,JBL,44779.02,30,31345.31,3.1,3715,471,1
5023,Canon Headphones Candidate-966,Electronics,Headphones,Canon,82602.49,30,57821.74,4.3,1266,349,1
5024,Sony Smartwatches Improve-388,Electronics,Smartwatches,Sony,12017.53,10,10815.78,4.9,1902,656,1
5025,OnePlus Smartwatches After-752,Electronics,Smartwatches,OnePlus,9161.33,30,6412.93,4.0,1945,941,1
5026,Apple Smartwatches Receive-739,Electronics,Smartwatches,Apple,17068.23,15,14508.0,3.9,3895,600,1
5027,Boat Smartwatches Speech-983,Electronics,Smartwatches,Boat,62086.7,5,58982.36,2.6,1421,172,1
5028,OnePlus Smartwatches Approach-414,Electronics,Smartwatches,OnePlus,1330.58,10,1197.52,3.7,4761,244,1
5029,Dell Smartwatches Need-664,Electronics,Smartwatches,Dell,21498.48,15,18273.71,3.2,242,247,1
5030,OnePlus Cameras Accept-914,Electronics,Cameras,OnePlus,32929.11,5,31282.65,4.5,4168,402,1
5031,Apple Cameras Talk-563,Electronics,Cameras,Apple,32347.39,40,19408.43,3.4,3675,482,1
5032,OnePlus Cameras Sport-631,Electronics,Cameras,OnePlus,3228.13,5,3066.72,2.6,2474,648,1
5033,Apple Cameras Sound-300,Electronics,Cameras,Apple,52573.91,10,47316.52,4.8,4969,218,1
5034,Apple Cameras Boy-318,Electronics,Cameras,Apple,58145.91,20,46516.73,3.8,3035,160,1
5035,Boat Cameras Exist-391,Electronics,Cameras,Boat,26020.04,5,24719.04,4.6,1165,390,1
5036,Apple Cameras Federal-353,Electronics,Cameras,Apple,21885.37,0,21885.37,3.8,3978,976,0
5037,Sony Tablets Air-335,Electronics,Tablets,Sony,81878.44,30,57314.91,4.6,2868,970,1
5038,Apple Tablets Which-283,Electronics,Tablets,Apple,31029.37,30,21720.56,4.2,1871,984,1
5039,HP Tablets Ball-336,Electronics,Tablets,HP,15895.55,15,13511.22,4.9,2085,985,1
5040,Canon Tablets Others-652,Electronics,Tablets,Canon,50405.09,15,42844.33,3.4,1624,481,1
5041,OnePlus Tablets Social-649,Electronics,Tablets,OnePlus,88732.45,5,84295.83,4.6,27,969,1
5042,Sony Tablets Require-640,Electronics,Tablets,Sony,50253.25,20,40202.6,3.8,2000,753,1
5043,Boat Tablets Six-689,Electronics,Tablets,Boat,70096.59,10,63086.93,3.0,0,378,1
5044,Boat Tablets Player-781,Electronics,Tablets,Boat,55847.07,5,53054.72,2.9,2282,432,0
5045,Adidas Men's Clothing Nearly-736,Fashion,Men's Clothing,Adidas,39181.95,40,23509.17,3.2,1647,488,1
5046,Fossil Men's Clothing Parent-615,Fashion,Men's Clothing,Fossil,24282.81,5,23068.67,3.9,4938,237,1
5047,Puma Men's Clothing Before-838,Fashion,Men's Clothing,Puma,10613.25,0,10613.25,2.5,2943,741,1
5048,H&M Men's Clothing Section-465,Fashion,Men's Clothing,H&M,12952.93,0,12952.93,4.8,1527,420,1
5049,Zara Men's Clothing Field-364,Fashion,Men's Clothing,Zara,60780.36,40,36468.22,4.9,1696,866,1
5050,Fossil Women's Clothing Voice-431,Fashion,Women's Clothing,Fossil,27339.55,20,21871.64,4.3,1915,998,1
5051,Adidas Women's Clothing Place-910,Fashion,Women's Clothing,Adidas,75912.96,20,60730.37,3.7,939,767,1
5052,Puma Women's Clothing Office-527,Fashion,Women's Clothing,Puma,81363.75,10,73227.38,3.6,3852,902,1
5053,Zara Women's Clothing Left-719,Fashion,Women's Clothing,Zara,66091.81,20,52873.45,3.6,3191,909,1
5054,Adidas Women's Clothing Step-197,Fashion,Women's Clothing,Adidas,87855.32,40,52713.19,4.5,71,839,1
5055,Adidas Women's Clothing Carry-891,Fashion,Women's Clothing,Adidas,1669.1,40,1001.46,4.8,3627,646,1
5056,Zara Women's Clothing Scientist-710,Fashion,Women's Clothing,Zara,6687.76,5,6353.37,3.2,3269,174,1
5057,Nike Women's Clothing Congress-357,Fashion,Women's Clothing,Nike,52075.15,20,41660.12,2.8,2912,764,1
5058,Levis Footwear Could-827,Fashion,Footwear,Levis,72241.75,20,57793.4,3.8,2747,988,0
5059,Levis Footwear Region-234,Fashion,Footwear,Levis,88014.91,5,83614.16,4.7,1883,430,1
5060,Fossil Footwear Would-363,Fashion,Footwear,Fossil,51997.01,15,44197.46,3.5,402,314,1
5061,Adidas Footwear Bar-233,Fashion,Footwear,Adidas,34134.38,10,30720.94,3.0,2660,160,1
5062,Puma Footwear Take-275,Fashion,Footwear,Puma,2532.64,30,1772.85,4.0,686,691,1
5063,Puma Footwear Rock-702,Fashion,Footwear,Puma,79431.94,40,47659.16,3.1,1865,201,1
5064,Puma Footwear Paper-746,Fashion,Footwear,Puma,51295.96,5,48731.16,3.6,1971,936,1
5065,Levis Watches Remember-998,Fashion,Watches,Levis,52579.7,20,42063.76,4.5,7,53,1
5066,Zara Watches Large-930,Fashion,Watches,Zara,12533.2,5,11906.54,3.5,1346,214,1
5067,Zara Watches Property-357,Fashion,Watches,Zara,31741.85,15,26980.57,3.3,1079,337,1
5068,H&M Watches Focus-820,Fashion,Watches,H&M,46388.71,15,39430.4,4.4,2574,895,1
5069,Puma Watches Score-403,Fashion,Watches,Puma,80448.26,40,48268.96,2.6,581,402,1
5070,H&M Watches Analysis-342,Fashion,Watches,H&M,38346.37,5,36429.05,4.0,2130,282,1
5071,Nike Watches Admit-228,Fashion,Watches,Nike,61333.09,0,61333.09,3.2,1650,81,1
5072,Levis Bags Here-804,Fashion,Bags,Levis,20966.33,30,14676.43,4.3,3332,872,1
5073,Zara Bags Reduce-827,Fashion,Bags,Zara,38391.35,10,34552.21,2.8,435,152,1
5074,Zara Bags Everyone-589,Fashion,Bags,Zara,88113.74,15,74896.68,4.2,949,974,0
5075,Zara Bags Operation-372,Fashion,Bags,Zara,3162.99,5,3004.84,3.3,3816,968,1
5076,H&M Bags Rock-395,Fashion,Bags,H&M,35827.99,0,35827.99,4.6,197,719,1
5077,IKEA Cookware Arrive-769,Home & Kitchen,Cookware,IKEA,65148.73,5,61891.29,4.7,763,238,1
5078,IKEA Cookware Simply-886,Home & Kitchen,Cookware,IKEA,2547.64,20,2038.11,2.6,729,604,1
5079,Milton Cookware Finish-700,Home & Kitchen,Cookware,Milton,33564.21,40,20138.53,2.6,1253,115,1
5080,Prestige Cookware Send-973,Home & Kitchen,Cookware,Prestige,50812.05,0,50812.05,3.5,2980,989,1
5081,Philips Cookware Above-124,Home & Kitchen,Cookware,Philips,14377.92,15,12221.23,2.8,1937,432,1
5082,Philips Cookware Capital-972,Home & Kitchen,Cookware,Philips,29969.42,40,17981.65,4.5,4384,149,1
5083,IKEA Cookware Start-970,Home & Kitchen,Cookware,IKEA,39099.07,40,23459.44,3.0,2297,395,1
5084,Prestige Cookware Store-341,Home & Kitchen,Cookware,Prestige,77664.84,30,54365.39,3.5,3689,362,1
5085,Milton Furniture Yourself-234,Home & Kitchen,Furniture,Milton,68603.34,15,58312.84,3.4,2113,477,1
5086,Milton Furniture Seven-260,Home & Kitchen,Furniture,Milton,15757.77,5,14969.88,3.5,4869,122,1
5087,Milton Furniture Edge-436,Home & Kitchen,Furniture,Milton,63153.95,10,56838.56,2.7,4419,452,1
5088,IKEA Furniture Although-743,Home & Kitchen,Furniture,IKEA,41208.71,30,28846.1,4.0,737,668,1
5089,Borosil Furniture Market-544,Home & Kitchen,Furniture,Borosil,71504.45,20,57203.56,3.6,2977,81,1
5090,Milton Furniture Resource-168,Home & Kitchen,Furniture,Milton,26380.07,10,23742.06,3.2,4832,977,1
5091,Milton Furniture Rest-960,Home & Kitchen,Furniture,Milton,15210.72,20,12168.58,4.8,3366,40,1
5092,IKEA Furniture Yard-460,Home & Kitchen,Furniture,IKEA,84211.94,10,75790.75,3.9,1676,164,1
5093,Prestige Home Decor Letter-423,Home & Kitchen,Home Decor,Prestige,58193.15,30,40735.21,3.8,3942,646,1
5094,Milton Home Decor Single-802,Home & Kitchen,Home Decor,Milton,30555.73,0,30555.73,2.9,2119,554,1
5095,Philips Home Decor Several-804,Home & Kitchen,Home Decor,Philips,61324.99,15,52126.24,3.5,2192,882,1
5096,Borosil Home Decor Show-343,Home & Kitchen,Home Decor,Borosil,77445.78,5,73573.49,4.9,2666,591,1
5097,Philips Home Decor Film-545,Home & Kitchen,Home Decor,Philips,50167.19,0,50167.19,4.4,2951,847,1
5098,IKEA Home Decor Why-705,Home & Kitchen,Home Decor,IKEA,8445.89,5,8023.6,2.8,3207,578,1
5099,IKEA Home Decor Room-821,Home & Kitchen,Home Decor,IKEA,13598.68,0,13598.68,3.1,2165,777,1
5100,IKEA Kitchen Appliances Relate-457,Home & Kitchen,Kitchen Appliances,IKEA,74908.18,15,63671.95,4.0,3496,125,1
5101,Milton Kitchen Appliances Subject-181,Home & Kitchen,Kitchen Appliances,Milton,40455.53,40,24273.32,4.0,512,898,1
5102,Prestige Kitchen Appliances Often-495,Home & Kitchen,Kitchen Appliances,Prestige,24251.24,10,21826.12,4.1,2345,1000,1
5103,Philips Kitchen Appliances Whole-158,Home & Kitchen,Kitchen Appliances,Philips,27164.14,20,21731.31,3.2,141,129,1
5104,Borosil Kitchen Appliances Contain-772,Home & Kitchen,Kitchen Appliances,Borosil,56668.19,0,56668.19,4.6,2410,452,1
5105,Penguin Fiction Officer-714,Books,Fiction,Penguin,4541.26,15,3860.07,4.0,3896,320,1
5106,Oxford Fiction Including-470,Books,Fiction,Oxford,4533.27,0,4533.27,3.5,3185,402,1
5107,Oxford Fiction Surface-862,Books,Fiction,Oxford,74404.32,30,52083.02,4.3,945,879,1
5108,Oxford Fiction Guy-356,Books,Fiction,Oxford,30862.5,40,18517.5,4.2,1023,864,1
5109,Penguin Fiction Road-424,Books,Fiction,Penguin,26559.34,0,26559.34,3.6,2619,656,1
5110,Penguin Fiction Of-960,Books,Fiction,Penguin,13441.69,30,9409.18,4.0,3752,926,1
5111,HarperCollins Fiction Simple-751,Books,Fiction,HarperCollins,2726.61,10,2453.95,3.9,4102,265,1
5112,Scholastic Fiction Next-191,Books,Fiction,Scholastic,54438.78,10,48994.9,4.6,4591,916,1
5113,HarperCollins Non-Fiction Again-221,Books,Non-Fiction,HarperCollins,37618.09,15,31975.38,3.7,4289,38,1
5114,Scholastic Non-Fiction Building-614,Books,Non-Fiction,Scholastic,65131.82,10,58618.64,4.2,4022,690,1
5115,Scholastic Non-Fiction First-720,Books,Non-Fiction,Scholastic,44235.95,5,42024.15,3.2,4103,436,1
5116,Oxford Non-Fiction Factor-194,Books,Non-Fiction,Oxford,39421.81,5,37450.72,2.9,3986,170,1
5117,Oxford Non-Fiction Drop-399,Books,Non-Fiction,Oxford,24293.52,30,17005.46,3.4,4203,873,1
5118,Penguin Non-Fiction Huge-662,Books,Non-Fiction,Penguin,85428.4,10,76885.56,4.3,905,728,1
5119,Penguin Non-Fiction Poor-858,Books,Non-Fiction,Penguin,72849.28,0,72849.28,3.7,2848,820,1
5120,Oxford Non-Fiction Myself-574,Books,Non-Fiction,Oxford,6880.4,40,4128.24,3.2,1777,77,1
5121,Oxford Comics Hundred-334,Books,Comics,Oxford,75446.59,0,75446.59,2.6,1467,780,1
5122,Scholastic Comics Study-118,Books,Comics,Scholastic,41526.12,0,41526.12,3.0,2454,829,1
5123,HarperCollins Comics Detail-655,Books,Comics,HarperCollins,44677.28,20,35741.82,5.0,1551,199,1
5124,Scholastic Comics Lose-991,Books,Comics,Scholastic,22158.37,5,21050.45,4.0,1294,972,1
5125,Penguin Comics Anything-510,Books,Comics,Penguin,74066.83,10,66660.15,4.6,1332,945,1
5126,Oxford Comics Lead-576,Books,Comics,Oxford,78399.48,15,66639.56,2.7,3810,272,1
5127,HarperCollins Comics Market-381,Books,Comics,HarperCollins,78951.8,15,67109.03,3.3,3718,805,1
5128,Scholastic Comics I-506,Books,Comics,Scholastic,45509.73,10,40958.76,4.0,4120,581,1
5129,Penguin Academic It-839,Books,Academic,Penguin,58411.33,15,49649.63,3.6,932,843,1
5130,Scholastic Academic Four-545,Books,Academic,Scholastic,10848.62,5,10306.19,2.6,3005,641,1
5131,Scholastic Academic Little-567,Books,Academic,Scholastic,20262.96,5,19249.81,5.0,4659,825,1
5132,Oxford Academic Up-762,Books,Academic,Oxford,55586.42,15,47248.46,4.5,1415,224,1
5133,Scholastic Academic Over-528,Books,Academic,Scholastic,1297.78,10,1168.0,3.9,3617,21,1
5134,Penguin Academic Available-736,Books,Academic,Penguin,70626.13,20,56500.9,4.8,2841,949,1
5135,Scholastic Academic Wide-422,Books,Academic,Scholastic,69450.72,30,48615.5,3.8,2864,328,0
5136,HarperCollins Children Write-739,Books,Children,HarperCollins,80341.21,10,72307.09,3.9,4422,505,1
5137,Penguin Children Life-760,Books,Children,Penguin,38017.92,5,36117.02,4.5,2065,988,1
5138,Scholastic Children Require-361,Books,Children,Scholastic,59291.18,30,41503.83,4.7,3527,193,1
5139,HarperCollins Children Partner-816,Books,Children,HarperCollins,34127.56,40,20476.54,2.8,41,894,1
5140,Oxford Children Each-155,Books,Children,Oxford,56927.37,10,51234.63,2.6,1397,777,1
5141,HarperCollins Children Usually-127,Books,Children,HarperCollins,63130.7,15,53661.09,4.9,1907,332,1
5142,Scholastic Children Mouth-490,Books,Children,Scholastic,41121.0,40,24672.6,3.5,2908,748,1
5143,Scholastic Children Claim-104,Books,Children,Scholastic,50500.11,40,30300.07,3.1,1560,904,1
5144,Adidas Gym Equipment Major-851,Sports & Fitness,Gym Equipment,Adidas,26186.86,20,20949.49,2.6,2147,990,1
5145,Cosco Gym Equipment Cup-335,Sports & Fitness,Gym Equipment,Cosco,20655.58,0,20655.58,3.5,3823,997,1
5146,Nike Gym Equipment Leg-417,Sports & Fitness,Gym Equipment,Nike,39491.08,15,33567.42,2.7,2390,527,1
5147,Adidas Gym Equipment Look-472,Sports & Fitness,Gym Equipment,Adidas,75207.79,15,63926.62,4.4,3214,237,1
5148,Adidas Gym Equipment Among-830,Sports & Fitness,Gym Equipment,Adidas,46354.63,10,41719.17,4.3,1336,895,1
5149,Adidas Gym Equipment Clearly-700,Sports & Fitness,Gym Equipment,Adidas,46376.91,20,37101.53,3.1,3514,86,1
5150,Decathlon Gym Equipment Wish-187,Sports & Fitness,Gym Equipment,Decathlon,9801.89,5,9311.8,4.9,4162,62,1
5151,Decathlon Outdoor Sports Listen-563,Sports & Fitness,Outdoor Sports,Decathlon,88325.66,20,70660.53,3.6,4574,548,1
5152,Decathlon Outdoor Sports Bad-334,Sports & Fitness,Outdoor Sports,Decathlon,79138.83,40,47483.3,3.6,4965,892,1
5153,Nike Outdoor Sports Us-746,Sports & Fitness,Outdoor Sports,Nike,11255.35,30,7878.74,4.9,729,365,1
5154,Decathlon Outdoor Sports Subject-996,Sports & Fitness,Outdoor Sports,Decathlon,53148.07,5,50490.67,4.7,3989,31,1
5155,Cosco Outdoor Sports Watch-822,Sports & Fitness,Outdoor Sports,Cosco,37998.52,30,26598.96,2.5,3645,29,1
5156,Adidas Outdoor Sports Other-512,Sports & Fitness,Outdoor Sports,Adidas,60846.92,10,54762.23,4.6,777,286,1
5157,Adidas Outdoor Sports I-929,Sports & Fitness,Outdoor Sports,Adidas,75916.58,40,45549.95,2.9,4594,149,1
5158,Cosco Yoga Cup-287,Sports & Fitness,Yoga,Cosco,12718.71,15,10810.9,3.1,2403,602,1
5159,Decathlon Yoga Morning-709,Sports & Fitness,Yoga,Decathlon,46705.79,0,46705.79,2.5,3857,164,1
5160,Adidas Yoga Example-418,Sports & Fitness,Yoga,Adidas,45940.04,5,43643.04,3.4,2301,279,1
5161,Adidas Yoga Huge-229,Sports & Fitness,Yoga,Adidas,10430.5,5,9908.98,4.4,3440,41,1
5162,Adidas Yoga Bag-246,Sports & Fitness,Yoga,Adidas,2063.98,5,1960.78,4.0,1311,526,1
5163,Nike Yoga Have-531,Sports & Fitness,Yoga,Nike,36895.79,40,22137.47,4.6,641,130,1
5164,Nike Yoga Eat-564,Sports & Fitness,Yoga,Nike,58813.97,30,41169.78,5.0,1427,764,1
5165,Nike Yoga Artist-746,Sports & Fitness,Yoga,Nike,77596.92,30,54317.84,2.6,1122,843,1
5166,Decathlon Cycling Success-312,Sports & Fitness,Cycling,Decathlon,60557.17,40,36334.3,4.6,4503,565,1
5167,Adidas Cycling With-849,Sports & Fitness,Cycling,Adidas,82525.76,0,82525.76,2.6,3630,838,1
5168,Adidas Cycling Financial-640,Sports & Fitness,Cycling,Adidas,52056.98,15,44248.43,4.8,4292,789,1
5169,Cosco Cycling Wrong-941,Sports & Fitness,Cycling,Cosco,17183.13,20,13746.5,3.1,3519,831,1
5170,Adidas Cycling Laugh-860,Sports & Fitness,Cycling,Adidas,40106.55,0,40106.55,2.8,1846,518,1
5171,Dove Skincare Offer-806,Beauty & Personal Care,Skincare,Dove,75454.39,10,67908.95,3.7,93,387,1
5172,L'Oreal Skincare Responsibility-770,Beauty & Personal Care,Skincare,L'Oreal,9522.05,10,8569.84,3.4,3428,532,1
5173,Nivea Skincare No-125,Beauty & Personal Care,Skincare,Nivea,59823.58,20,47858.86,3.7,4391,87,1
5174,Dove Skincare Condition-718,Beauty & Personal Care,Skincare,Dove,4808.99,10,4328.09,4.7,2011,946,1
5175,Dove Skincare Term-355,Beauty & Personal Care,Skincare,Dove,12608.59,15,10717.3,4.4,2808,204,1
5176,Nivea Skincare Big-374,Beauty & Personal Care,Skincare,Nivea,37225.77,10,33503.19,2.8,1114,183,1
5177,Nivea Skincare Either-536,Beauty & Personal Care,Skincare,Nivea,19197.12,0,19197.12,2.7,4110,603,1
5178,L'Oreal Haircare Safe-976,Beauty & Personal Care,Haircare,L'Oreal,40567.81,10,36511.03,2.8,599,991,1
5179,Nivea Haircare Yet-743,Beauty & Personal Care,Haircare,Nivea,71359.7,20,57087.76,4.4,517,667,1
5180,L'Oreal Haircare Series-818,Beauty & Personal Care,Haircare,L'Oreal,51419.23,10,46277.31,4.7,4638,67,1
5181,Dove Haircare Still-171,Beauty & Personal Care,Haircare,Dove,64618.52,10,58156.67,3.4,364,851,1
5182,L'Oreal Haircare Modern-723,Beauty & Personal Care,Haircare,L'Oreal,84072.35,15,71461.5,2.5,648,110,0
5183,Dove Haircare Line-862,Beauty & Personal Care,Haircare,Dove,16125.69,20,12900.55,4.7,2822,266,1
5184,Dove Makeup Activity-965,Beauty & Personal Care,Makeup,Dove,39874.86,0,39874.86,3.6,199,16,1
5185,Maybelline Makeup Up-692,Beauty & Personal Care,Makeup,Maybelline,88396.93,40,53038.16,3.8,16,536,1
5186,Nivea Makeup None-190,Beauty & Personal Care,Makeup,Nivea,65827.25,15,55953.16,3.7,1930,616,1
5187,Maybelline Makeup Public-148,Beauty & Personal Care,Makeup,Maybelline,42363.93,0,42363.93,2.7,4489,421,1
5188,L'Oreal Makeup Purpose-833,Beauty & Personal Care,Makeup,L'Oreal,40320.99,10,36288.89,3.6,2865,251,1
5189,Maybelline Makeup Nor-433,Beauty & Personal Care,Makeup,Maybelline,76732.87,20,61386.3,3.8,3989,502,1
5190,Maybelline Makeup Week-968,Beauty & Personal Care,Makeup,Maybelline,54978.37,5,52229.45,4.8,1438,832,1
5191,Nivea Fragrances He-993,Beauty & Personal Care,Fragrances,Nivea,18851.79,15,16024.02,3.1,681,125,1
5192,L'Oreal Fragrances Develop-469,Beauty & Personal Care,Fragrances,L'Oreal,35215.23,10,31693.71,4.5,4010,771,1
5193,Dove Fragrances Term-412,Beauty & Personal Care,Fragrances,Dove,75338.82,20,60271.06,2.9,2687,295,1
5194,Maybelline Fragrances Subject-721,Beauty & Personal Care,Fragrances,Maybelline,24572.44,0,24572.44,4.6,4437,237,1
5195,Maybelline Fragrances Position-978,Beauty & Personal Care,Fragrances,Maybelline,73229.49,0,73229.49,2.8,3745,494,1
5196,ITC Snacks Phone-433,Grocery,Snacks,ITC,28215.16,0,28215.16,2.6,4711,211,1
5197,Amul Snacks Share-576,Grocery,Snacks,Amul,43034.56,15,36579.38,3.3,4459,990,1
5198,Amul Snacks Hear-848,Grocery,Snacks,Amul,37518.49,0,37518.49,3.3,2264,408,1
5199,Amul Snacks Between-999,Grocery,Snacks,Amul,84384.52,10,75946.07,3.4,1272,867,1
5200,Nestle Snacks Run-447,Grocery,Snacks,Nestle,16795.18,0,16795.18,4.3,3741,160,1
5201,ITC Snacks Consider-609,Grocery,Snacks,ITC,42719.17,30,29903.42,3.8,2909,581,1
5202,Amul Beverages Store-823,Grocery,Beverages,Amul,35606.19,20,28484.95,3.9,2512,110,1
5203,Nestle Beverages Method-890,Grocery,Beverages,Nestle,36812.19,40,22087.31,4.6,1028,623,0
5204,ITC Beverages Bag-488,Grocery,Beverages,ITC,51195.17,0,51195.17,3.9,4925,936,1
5205,Nestle Beverages Under-857,Grocery,Beverages,Nestle,87466.81,20,69973.45,2.7,441,57,1
5206,Nestle Beverages Month-174,Grocery,Beverages,Nestle,73103.74,40,43862.24,3.8,3470,658,1
5207,Tata Beverages Want-509,Grocery,Beverages,Tata,18873.46,40,11324.08,4.9,3644,271,0
5208,ITC Staples Camera-302,Grocery,Staples,ITC,80839.71,0,80839.71,3.1,4631,908,1
5209,Nestle Staples Sign-555,Grocery,Staples,Nestle,55420.47,5,52649.45,3.4,3477,442,1
5210,ITC Staples Machine-576,Grocery,Staples,ITC,75274.77,30,52692.34,3.1,1858,402,1
5211,ITC Staples Cover-354,Grocery,Staples,ITC,63039.68,40,37823.81,3.3,2412,860,0
5212,Nestle Staples Real-629,Grocery,Staples,Nestle,62454.29,20,49963.43,4.4,4707,34,1
5213,Nestle Staples Drop-825,Grocery,Staples,Nestle,67144.34,0,67144.34,4.1,1341,12,1
5214,Tata Staples Go-379,Grocery,Staples,Tata,2180.49,40,1308.29,4.4,4313,539,1
5215,Nestle Staples Herself-970,Grocery,Staples,Nestle,2143.42,40,1286.05,4.0,829,654,1
5216,ITC Dairy Themselves-540,Grocery,Dairy,ITC,26334.39,20,21067.51,3.3,4440,576,1
5217,ITC Dairy Child-387,Grocery,Dairy,ITC,41778.18,10,37600.36,2.7,2715,532,1
5218,ITC Dairy Military-989,Grocery,Dairy,ITC,36564.38,40,21938.63,3.1,3342,981,1
5219,ITC Dairy Professor-256,Grocery,Dairy,ITC,87534.05,0,87534.05,3.5,3156,522,1
5220,ITC Dairy Take-449,Grocery,Dairy,ITC,71194.71,15,60515.5,3.4,796,557,1
5221,Tata Dairy Identify-308,Grocery,Dairy,Tata,20422.34,30,14295.64,2.9,4453,813,1
5222,Nestle Dairy It-256,Grocery,Dairy,Nestle,76137.28,40,45682.37,3.0,4052,706,1
5223,Lego Action Figures Customer-662,Toys & Games,Action Figures,Lego,79118.38,10,71206.54,4.5,2584,644,1
5224,Funskool Action Figures Professional-606,Toys & Games,Action Figures,Funskool,81301.57,15,69106.33,4.7,1050,862,1
5225,Hasbro Action Figures Discover-433,Toys & Games,Action Figures,Hasbro,56424.8,15,47961.08,4.7,2900,898,1
5226,Lego Action Figures Cold-653,Toys & Games,Action Figures,Lego,2000.78,15,1700.66,3.1,4712,846,1
5227,Hasbro Action Figures Right-226,Toys & Games,Action Figures,Hasbro,52442.94,5,49820.79,4.8,2949,700,1
5228,Hasbro Action Figures If-113,Toys & Games,Action Figures,Hasbro,48909.85,30,34236.89,3.0,2898,591,1
5229,Mattel Action Figures Good-996,Toys & Games,Action Figures,Mattel,61342.31,0,61342.31,4.3,3153,422,1
5230,Lego Board Games Like-754,Toys & Games,Board Games,Lego,44345.61,20,35476.49,4.8,4421,406,1
5231,Lego Board Games Man-134,Toys & Games,Board Games,Lego,71636.56,5,68054.73,3.4,677,575,1
5232,Lego Board Games Get-625,Toys & Games,Board Games,Lego,80953.98,15,68810.88,3.8,4163,482,1
5233,Lego Board Games Forget-933,Toys & Games,Board Games,Lego,39244.59,0,39244.59,3.5,3579,338,1
5234,Funskool Board Games Wear-883,Toys & Games,Board Games,Funskool,36192.68,15,30763.78,3.9,4655,493,1
5235,Lego Board Games Think-464,Toys & Games,Board Games,Lego,10437.76,5,9915.87,2.7,603,502,1
5236,Mattel Board Games Show-160,Toys & Games,Board Games,Mattel,44262.44,5,42049.32,3.9,4035,981,1
5237,Hasbro Puzzles Understand-205,Toys & Games,Puzzles,Hasbro,8726.54,0,8726.54,4.4,4097,761,1
5238,Hasbro Puzzles Check-644,Toys & Games,Puzzles,Hasbro,23365.26,0,23365.26,3.9,392,993,1
5239,Hasbro Puzzles Occur-329,Toys & Games,Puzzles,Hasbro,30068.87,5,28565.43,4.0,4241,978,1
5240,Lego Puzzles True-209,Toys & Games,Puzzles,Lego,10482.71,30,7337.9,3.6,4293,794,1
5241,Lego Puzzles Conference-898,Toys & Games,Puzzles,Lego,39512.46,30,27658.72,3.1,1253,804,1
5242,Funskool Puzzles Role-696,Toys & Games,Puzzles,Funskool,21396.7,0,21396.7,4.9,2740,471,1
5243,Funskool Puzzles Section-463,Toys & Games,Puzzles,Funskool,15905.48,5,15110.21,4.5,2009,966,0
5244,Funskool Puzzles South-836,Toys & Games,Puzzles,Funskool,33205.02,20,26564.02,3.7,306,818,1
5245,Hasbro Educational Toys Property-842,Toys & Games,Educational Toys,Hasbro,77897.23,40,46738.34,3.4,503,308,1
5246,Mattel Educational Toys Treat-333,Toys & Games,Educational Toys,Mattel,83803.21,30,58662.25,5.0,4583,678,1
5247,Lego Educational Toys Plant-330,Toys & Games,Educational Toys,Lego,43773.87,15,37207.79,4.6,4691,980,1
5248,Mattel Educational Toys Man-770,Toys & Games,Educational Toys,Mattel,83655.89,0,83655.89,3.0,4360,432,1
5249,Lego Educational Toys Magazine-839,Toys & Games,Educational Toys,Lego,47013.04,20,37610.43,3.7,3358,89,1
5250,Mattel Educational Toys Fund-419,Toys & Games,Educational Toys,Mattel,67180.49,15,57103.42,4.3,4483,946,1
5251,Funskool Educational Toys High-985,Toys & Games,Educational Toys,Funskool,26822.6,5,25481.47,4.3,1111,51,1
